1,Genevra,Merriman,gmerriman0@dmoz.org,F,3409.55,106.195.34.151,PL
2,Kellie,Colles,kcolles1@reuters.com,F,1209.73,99.153.26.131,TN
3,Brooke,Causton,bcauston2@scientificamerican.com,F,3998.02,13.32.196.48,BR
4,Rees,Durston,rdurston3@mayoclinic.com,M,1298.7,67.126.118.194,PL
5,Jerad,Winpenny,jwinpenny4@360.cn,M,1164.35,21.143.138.69,MP
6,Retha,Broome,rbroome5@ox.ac.uk,F,1264.29,156.53.2.206,CZ
7,Ross,Blewis,rblewis6@scribd.com,M,112.07,158.139.134.165,CL
8,Lindy,Alberts,lalberts7@unicef.org,F,4263.47,35.63.99.129,CN
9,Damara,Entreis,dentreis8@wikimedia.org,F,533.51,225.68.220.80,PH
10,Benton,Tebbitt,btebbitt9@cbc.ca,M,187.2,121.183.79.89,UA
11,Jasmin,Leachman,jleachmana@berkeley.edu,F,235.25,173.16.160.41,CN
12,Ira,Beechcraft,ibeechcraftb@answers.com,F,4966.55,135.104.120.68,BD
13,Britni,Mapam,bmapamc@gravatar.com,F,1056.86,254.85.200.12,CN
14,Ariana,Klees,akleesd@google.es,F,1228.51,10.179.129.143,KZ
15,Arly,Bettles,abettlese@ocn.ne.jp,F,1184.41,31.123.186.25,AF
16,Brittani,Reeson,breesonf@xrea.com,F,825.33,237.10.245.78,PL
17,Mohandas,Iori,miorig@cornell.edu,M,4580.08,237.61.166.66,CU
18,Querida,Exell,qexellh@so-net.ne.jp,F,3387.4,19.238.118.159,CN
19,Carmen,Niaves,cniavesi@craigslist.org,F,3297.99,48.14.196.124,CU
20,Nannette,MacConnal,nmacconnalj@nasa.gov,F,4133.8,35.22.26.233,CN
21,Mia,Lalley,mlalleyk@apple.com,F,4634.98,137.229.206.96,ID
22,Melesa,Concannon,mconcannonl@dailymail.co.uk,F,1586.24,163.189.221.164,ID
23,Jerry,Dudley,jdudleym@cargocollective.com,M,485.68,118.243.151.241,NL
24,Abeu,Giron,agironn@ameblo.jp,F,231.97,136.181.168.26,CN
25,Worthington,Kubec,wkubeco@parallels.com,M,1678.78,216.15.167.103,SI
26,Peggie,Bartolini,pbartolinip@gnu.org,F,840.9,182.165.162.6,RU
27,Gracia,Raitie,graitieq@usatoday.com,F,1888.72,211.107.24.219,MX
28,Gertruda,Sharples,gsharplesr@vinaora.com,F,4623.18,67.12.62.87,CZ
29,Monah,Stormont,mstormonts@icq.com,F,2600.64,195.146.70.86,CN
30,Cristabel,Foskin,cfoskint@mayoclinic.com,F,4558.61,0.250.81.73,JP
31,Jeramey,Parmby,jparmbyu@skype.com,M,1387.3,115.85.107.4,SE
32,Glynnis,Wedderburn,gwedderburnv@smh.com.au,F,3128.65,8.208.16.62,RU
33,Corinne,Halliberton,challibertonw@nydailynews.com,F,2695.14,83.205.17.34,MX
34,Fayina,Wisden,fwisdenx@reddit.com,F,981.42,74.65.151.78,PL
35,Christye,Daley,cdaleyy@amazon.co.jp,F,2463.98,25.200.35.80,ID
36,Emory,Bezant,ebezantz@blogger.com,M,1813.13,38.78.99.177,OM
37,Rene,Jinkins,rjinkins10@wired.com,F,2175.28,82.69.113.60,MY
38,Tye,Fright,tfright11@trellian.com,M,2293.48,19.193.22.48,PE
39,Eldredge,Swafford,eswafford12@discuz.net,M,478.31,58.110.227.119,KZ
40,Adam,Michele,amichele13@hubpages.com,M,3100.31,66.198.239.184,VN
41,Salvatore,Georg,sgeorg14@go.com,M,2493.94,145.52.18.93,CN
42,Jenine,Pagett,jpagett15@technorati.com,F,3725.98,176.229.211.187,BR
43,Boyce,Grestie,bgrestie16@sourceforge.net,M,2544.34,158.72.196.64,VN
44,Norine,Flips,nflips17@chron.com,F,4655.59,4.95.247.76,CA
45,Cullen,Knights,cknights18@reverbnation.com,M,4867.08,244.149.44.71,JM
46,Wendie,Rubinowitch,wrubinowitch19@spiegel.de,F,2161.76,244.62.238.6,PL
47,Emilia,Blackledge,eblackledge1a@squarespace.com,F,3283.88,48.254.13.233,RU
48,Boy,Drabble,bdrabble1b@nature.com,M,4172.7,5.253.137.91,US
49,Michele,Firk,mfirk1c@time.com,F,4569.02,174.44.84.13,CN
50,Bernadene,Dowding,bdowding1d@washingtonpost.com,F,3696.19,234.128.20.198,CN
51,Kyle,Farris,kfarris1e@umn.edu,M,1159.97,206.46.113.82,KE
52,Luci,Deeprose,ldeeprose1f@skyrock.com,F,2460.75,89.205.255.251,GT
53,Woodrow,Maudett,wmaudett1g@jiathis.com,M,4944.84,57.148.207.143,ID
54,Gisella,Jirsa,gjirsa1h@timesonline.co.uk,F,1393.65,244.203.130.236,FR
55,Angelico,Lofts,alofts1i@sina.com.cn,M,3133.24,92.192.22.157,ID
56,Gaven,Finnick,gfinnick1j@friendfeed.com,F,661.69,96.22.63.46,CN
57,Barclay,Boniface,bboniface1k@1688.com,M,2070.26,14.75.1.154,RU
58,Donalt,Hasluck,dhasluck1l@livejournal.com,M,2548.8,76.109.248.4,PL
59,Tore,Storrar,tstorrar1m@tuttocitta.it,M,4737.66,197.194.227.32,PH
60,Fernanda,Lambard,flambard1n@cpanel.net,F,2784.51,238.26.216.160,BR
61,Granthem,Tremain,gtremain1o@salon.com,M,4970.31,191.160.144.75,CZ
62,Phillida,Rudgerd,prudgerd1p@slashdot.org,F,2963.33,50.23.2.184,CZ
63,Oates,Weepers,oweepers1q@wikimedia.org,M,3309.4,67.35.31.27,PT
64,Rasia,MacParland,rmacparland1r@apache.org,F,2233.3,26.191.159.93,ID
65,Emelda,Collingham,ecollingham1s@indiegogo.com,F,89.15,2.54.102.12,ID
66,Hazel,Skuce,hskuce1t@bloomberg.com,F,744.83,226.99.169.124,PE
67,Erskine,Buglar,ebuglar1u@howstuffworks.com,M,1756.62,103.136.178.204,CN
68,Igor,Audiss,iaudiss1v@liveinternet.ru,M,1845.26,191.154.119.100,CO
69,Francine,Aitkin,faitkin1w@smh.com.au,F,1080.72,44.10.177.46,BF
70,Laverne,Hexum,lhexum1x@rediff.com,F,217.07,188.152.33.147,LV
71,Ernie,Birden,ebirden1y@hud.gov,M,3331.1,119.67.72.243,PL
72,Ilsa,Giraudot,igiraudot1z@fda.gov,F,2326.73,194.188.123.117,PL
73,Abbot,Trusslove,atrusslove20@businesswire.com,M,2846.42,226.239.135.174,FR
74,Carly,Slowley,cslowley21@google.pl,F,4170.02,198.4.14.204,NG
75,Ingeberg,Aleshintsev,ialeshintsev22@msn.com,F,1012.3,200.124.57.3,VN
76,Aldo,Heineking,aheineking23@nyu.edu,M,1537.79,175.54.76.75,CN
77,Tremaine,Farrent,tfarrent24@cornell.edu,M,1039.21,163.107.51.111,PH
78,Perice,Dutch,pdutch25@eepurl.com,M,4435.67,134.34.241.26,CN
79,Finlay,Boulden,fboulden26@homestead.com,M,1010.53,24.93.117.45,AL
80,Hakeem,Zywicki,hzywicki27@techcrunch.com,M,4886.2,54.137.175.190,FO
81,Tabor,Trowle,ttrowle28@telegraph.co.uk,M,445.54,155.26.254.116,PT
82,Claiborne,Osmant,cosmant29@wufoo.com,M,2470.82,218.155.192.111,RU
83,Maire,Mabone,mmabone2a@xing.com,F,809.73,219.168.52.89,ID
84,Addy,Benediktsson,abenediktsson2b@reddit.com,M,3364.72,79.10.10.7,FR
85,Claire,Paviour,cpaviour2c@usgs.gov,M,1075.63,102.14.5.25,NZ
86,Gerhardt,Horick,ghorick2d@cafepress.com,M,976.7,152.71.144.215,PH
87,Feodora,Wogden,fwogden2e@usgs.gov,F,4368.98,193.18.194.85,KP
88,Mariejeanne,De Meyer,mdemeyer2f@sbwire.com,F,1903.1,55.22.234.189,CO
89,Avrit,Shelsher,ashelsher2g@alexa.com,F,595.02,252.76.21.65,XK
90,Pavlov,Sommerly,psommerly2h@jalbum.net,M,2476.61,108.210.147.58,PH
91,Cinda,Denkel,cdenkel2i@surveymonkey.com,F,2684.51,36.172.39.130,ID
92,Libbey,Bruinemann,lbruinemann2j@drupal.org,F,1212.13,82.97.102.87,CZ
93,Rochella,Albisser,ralbisser2k@vistaprint.com,F,2106.12,48.139.98.13,CN
94,Etan,Corkell,ecorkell2l@spotify.com,M,1832.25,192.115.139.63,BG
95,Gabriele,Custard,gcustard2m@dell.com,M,4270.73,151.57.55.0,US
96,Riordan,Grigorey,rgrigorey2n@usnews.com,M,1274.58,228.29.96.135,MG
97,Martina,Slarke,mslarke2o@live.com,F,4199.59,59.205.34.125,ID
98,Orelee,Andresser,oandresser2p@reddit.com,F,3910.24,10.213.93.25,ZM
99,Teddie,de'-Ancy Willis,tdeancywillis2q@cnbc.com,M,281.47,117.203.181.68,CO
100,Alice,Hallibone,ahallibone2r@squarespace.com,F,2940.75,79.112.173.176,ID